state,party,year,sd
AK,D,1995,0.5511723267940158
AK,D,1996,0.5511723267940158
AK,D,1997,0.4787815189177031
AK,D,1998,0.4787815189177031
AK,D,1999,0.40778986185113947
AK,D,2e3,0.40778986185113947
AK,D,2001,0.4412330914897941
AK,D,2002,0.4412330914897941
AK,D,2003,0.44038214756894484
AK,D,2004,0.44038214756894484
AK,D,2005,0.44499772399302706
AK,D,2006,0.44499772399302706
AK,D,2007,0.393314123824711
AK,D,2008,0.393314123824711
AK,D,2011,0.4276732202667515
AK,D,2012,0.4276732202667515
AK,D,2013,0.5195411807176968
AK,D,2014,0.49878262789526856
AK,D,2015,0.45324493443196395
AK,D,2016,0.45324493443196395
AK,R,1995,0.06985148128156937
AK,R,1996,0.06985148128156937
AK,R,1997,0.080777121348395
AK,R,1998,0.080777121348395
AK,R,1999,0.10473271474788354
AK,R,2e3,0.10473271474788354
AK,R,2001,0.1129800047861633
AK,R,2002,0.1129800047861633
AK,R,2003,0.09917853484196576
AK,R,2004,0.09917853484196576
AK,R,2005,0.12225982420805542
AK,R,2006,0.12225982420805542
AK,R,2007,0.1325543298512683
AK,R,2008,0.13355135501700263
AK,R,2011,0.14211199400676816
AK,R,2012,0.14211199400676816
AK,R,2013,0.18363149134988968
AK,R,2014,0.18363149134988968
AK,R,2015,0.1813723486470717
AK,R,2016,0.1813723486470717
AL,D,1996,0.33443733563999595
AL,D,1997,0.33443733563999595
AL,D,1998,0.3341956509685517
AL,D,1999,0.32759046425932764
AL,D,2e3,0.33158351826088656
AL,D,2001,0.3304734695534196
AL,D,2002,0.3304734695534196
AL,D,2003,0.3405542649465308
AL,D,2004,0.34229033389448155
AL,D,2005,0.3726972197504702
AL,D,2006,0.37562347567774035
AL,D,2007,0.3009131085664163
AL,D,2008,0.29363240745936486
AL,D,2009,0.2958289110833631
AL,D,2010,0.29852329034798447
AL,D,2011,0.24786203889899977
AL,D,2012,0.24786203889899977
AL,D,2013,0.24882797342815047
AL,D,2014,0.24955478564517014
AL,D,2015,0.30858574935645094
AL,D,2016,0.30956960663915917
AL,R,1996,0.22679950233686486
AL,R,1997,0.22679950233686486
AL,R,1998,0.2346305644679124
AL,R,1999,0.2541989567753346
AL,R,2e3,0.2541989567753346
AL,R,2001,0.24892608669774943
AL,R,2002,0.24892608669774943
AL,R,2003,0.2592669734670772
AL,R,2004,0.2592669734670772
AL,R,2005,0.28559275623831143
AL,R,2006,0.28559275623831143
AL,R,2007,0.24929392363113875
AL,R,2008,0.24929392363113875
AL,R,2009,0.24929392363113875
AL,R,2010,0.155599222947347
AL,R,2011,0.1778500225924375
AL,R,2012,0.17910026687418865
AL,R,2013,0.17373873494027756
AL,R,2014,0.17275612518194194
AL,R,2015,0.1798304475195245
AL,R,2016,0.15647704494129921
AR,D,1993,0.13570645274883245
AR,D,1994,0.13570645274883245
AR,D,1995,0.13772773673840952
AR,D,1996,0.13772773673840952
AR,D,1997,0.1378885159034553
AR,D,1998,0.1378885159034553
AR,D,1999,0.13740100359703955
AR,D,2e3,0.13740100359703955
AR,D,2001,0.16757033659403273
AR,D,2002,0.16757033659403273
AR,D,2003,0.17662198642002785
AR,D,2004,0.17662198642002785
AR,D,2005,0.18292636381195793
AR,D,2006,0.18292636381195793
AR,D,2007,0.1556176013111558
AR,D,2008,0.1556176013111558
AR,D,2011,0.2849162902552786
AR,D,2012,0.33434835815087094
AR,D,2013,0.36225528790760425
AR,D,2014,0.36225528790760425
AR,D,2015,0.3991363533573816
AR,D,2016,0.3993871128028744
AR,R,1993,0.2002691522260314
AR,R,1994,0.2002691522260314
AR,R,1995,0.28090517919214253
AR,R,1996,0.28090517919214253
AR,R,1997,0.30264301859335313
AR,R,1998,0.30264301859335313
AR,R,1999,0.2679034002846137
AR,R,2e3,0.2679034002846137
AR,R,2001,0.25733592984303094
AR,R,2002,0.25733592984303094
AR,R,2003,0.1821770138294513
AR,R,2004,0.1821770138294513
AR,R,2005,0.1630410204170237
AR,R,2006,0.1630410204170237
AR,R,2007,0.21515458008913807
AR,R,2008,0.21515458008913807
AR,R,2011,0.4318242552701429
AR,R,2012,0.4318242552701429
AR,R,2013,0.48023019806885836
AR,R,2014,0.48023019806885836
AR,R,2015,0.4382750614783926
AR,R,2016,0.4415145487684336
AZ,D,1996,0.28988207783100195
AZ,D,1997,0.39793329728851434
AZ,D,1998,0.38938112952686926
AZ,D,1999,0.531868543315377
AZ,D,2e3,0.531868543315377
AZ,D,2001,0.4597018882786501
AZ,D,2002,0.4597018882786501
AZ,D,2003,0.3729547527771266
AZ,D,2004,0.3726274655338431
AZ,D,2005,0.3848874912911316
AZ,D,2006,0.3848874912911316
AZ,D,2007,0.3587680170088884
AZ,D,2008,0.34865889582947057
AZ,D,2009,0.32548511486702425
AZ,D,2010,0.32548511486702425
AZ,D,2011,0.296825462626032
AZ,D,2012,0.3274402453665619
AZ,D,2013,0.37140415113224146
AZ,D,2014,0.35627101395512856
AZ,D,2016,0.4273017380754715
AZ,R,1996,0.4020076713845926
AZ,R,1997,0.3671139072690982
AZ,R,1998,0.3671139072690982
AZ,R,1999,0.3724760661731098
AZ,R,2e3,0.3724760661731098
AZ,R,2001,0.5043600723091416
AZ,R,2002,0.5033455659188415
AZ,R,2003,0.5664589239747286
AZ,R,2004,0.5664589239747286
AZ,R,2005,0.5623862622485194
AZ,R,2006,0.5337375522004049
AZ,R,2007,0.5116885945602367
AZ,R,2008,0.5116885945602367
AZ,R,2009,0.40115797093795713
AZ,R,2010,0.3901261859543436
AZ,R,2011,0.37207512337684906
AZ,R,2012,0.3690564402602412
AZ,R,2013,0.4071803654401818
AZ,R,2014,0.4071803654401818
AZ,R,2016,0.36865499314162825
CA,D,1993,0.4135693621956766
CA,D,1994,0.4135693621956766
CA,D,1995,0.355474666982609
CA,D,1996,0.355474666982609
CA,D,1997,0.3415013078081434
CA,D,1998,0.3415013078081434
CA,D,1999,0.4164042368139795
CA,D,2e3,0.4164042368139795
CA,D,2001,0.4851216762672162
CA,D,2002,0.4851216762672162
CA,D,2003,0.515704062818785
CA,D,2004,0.515704062818785
CA,D,2005,0.5093620523307659
CA,D,2006,0.5093620523307659
CA,D,2007,0.4226453740961776
CA,D,2008,0.4226453740961776
CA,D,2009,0.3965702143403621
CA,D,2010,0.4106370813678041
CA,D,2011,0.40044176397429077
CA,D,2012,0.40044176397429077
CA,D,2013,0.5163696237306066
CA,D,2014,0.518749881668073
CA,D,2015,0.48770961460172424
CA,D,2016,0.4976030328289238
CA,R,1993,0.41190624086132055
CA,R,1994,0.41190624086132055
CA,R,1995,0.40370677561385165
CA,R,1996,0.40370677561385165
CA,R,1997,0.347922308040793
CA,R,1998,0.347922308040793
CA,R,1999,0.3556041301490075
CA,R,2e3,0.3556041301490075
CA,R,2001,0.2872904033588121
CA,R,2002,0.2872904033588121
CA,R,2003,0.3449197648051295
CA,R,2004,0.3449197648051295
CA,R,2005,0.36521897844682427
CA,R,2006,0.36521897844682427
CA,R,2007,0.3103086847619797
CA,R,2008,0.3103086847619797
CA,R,2009,0.31036001240750605
CA,R,2010,0.3030455703765817
CA,R,2011,0.4623342016562954
CA,R,2012,0.4623342016562954
CA,R,2013,0.4391332289335701
CA,R,2014,0.4391332289335701
CA,R,2015,0.39900454672456837
CA,R,2016,0.40457977917933285
CO,D,1996,0.4638526070927266
CO,D,1997,0.4554292448904103
CO,D,1998,0.4554292448904103
CO,D,1999,0.3665312947075597
CO,D,2e3,0.3665312947075597
CO,D,2001,0.3123917430720619
CO,D,2002,0.3123917430720619
CO,D,2003,0.3410055802287207
CO,D,2004,0.3638844153366117
CO,D,2005,0.3182314627209984
CO,D,2006,0.3160877314421646
CO,D,2007,0.35985102068080926
CO,D,2008,0.3538585105841323
CO,D,2009,0.4052150027272896
CO,D,2010,0.4052150027272896
CO,D,2011,0.5570032205486902
CO,D,2012,0.5190746149774408
CO,D,2013,0.355644919887569
CO,D,2014,0.34502351426652855
CO,D,2015,0.38755787446600287
CO,D,2016,0.39017125707628036
CO,R,1996,0.4091518726317268
CO,R,1997,0.4022057385189339
CO,R,1998,0.40065060470599817
CO,R,1999,0.4210644365843517
CO,R,2e3,0.4260967859361946
CO,R,2001,0.43526265240263434
CO,R,2002,0.4272659115342098
CO,R,2003,0.4446252640109707
CO,R,2004,0.45206221916899897
CO,R,2005,0.48529944541915343
CO,R,2006,0.47598762299179515
CO,R,2007,0.5617899799199532
CO,R,2008,0.578730944970689
CO,R,2009,0.4948093419694953
CO,R,2010,0.4948093419694953
CO,R,2011,0.6280741729021077
CO,R,2012,0.6280741729021077
CO,R,2013,0.7201634551380695
CO,R,2014,0.723235260049806
CO,R,2015,0.7680357014551324
CO,R,2016,0.7948348961242042
CT,D,1996,0.16984085921920397
CT,D,1997,0.1749634498171827
CT,D,1998,0.1749634498171827
CT,D,1999,0.16359828012168084
CT,D,2e3,0.16359828012168084
CT,D,2001,0.162573705118508
CT,D,2002,0.1673004709370466
CT,D,2003,0.18342036729968375
CT,D,2004,0.17976061287036624
CT,D,2005,0.1737398508282469
CT,D,2006,0.17297949946632846
CT,D,2007,0.17194592460270808
CT,D,2008,0.17194592460270808
CT,D,2011,0.19770846201250525
CT,D,2012,0.1924774590780533
CT,D,2013,0.1916248702780798
CT,D,2014,0.19229669944790187
CT,D,2015,0.18994647685626367
CT,D,2016,0.18941385658073115
CT,R,1996,0.21407647191366394
CT,R,1997,0.20637981558967508
CT,R,1998,0.20566529990133978
CT,R,1999,0.20227411311143312
CT,R,2e3,0.2018238022088751
CT,R,2001,0.21907773712077816
CT,R,2002,0.21393375188613517
CT,R,2003,0.19211821766396517
CT,R,2004,0.1747850888168876
CT,R,2005,0.18557442515062497
CT,R,2006,0.18557442515062497
CT,R,2007,0.16118734942966714
CT,R,2008,0.1629970557069458
CT,R,2011,0.1896545909708483
CT,R,2012,0.1896545909708483
CT,R,2013,0.20053164256090597
CT,R,2014,0.2225832612217294
CT,R,2015,0.3068805903300361
CT,R,2016,0.30440649017378174
DE,D,1995,0.23109795902747965
DE,D,1996,0.23109795902747965
DE,D,1997,0.18010894139167763
DE,D,1998,0.18010894139167763
DE,D,1999,0.18440057328699233
DE,D,2e3,0.18440057328699233
DE,D,2001,0.18440057328699233
DE,D,2002,0.18440057328699233
DE,D,2003,0.1920409323476891
DE,D,2004,0.1920409323476891
DE,D,2005,0.17688206994115221
DE,D,2006,0.17688206994115221
DE,D,2007,0.20530546347658005
DE,D,2008,0.20530546347658005
DE,D,2009,0.21552752522690644
DE,D,2010,0.21778388103939125
DE,D,2011,0.21040473817420047
DE,D,2012,0.21040473817420047
DE,D,2013,0.23510378383554184
DE,D,2014,0.23510378383554184
DE,D,2015,0.27632182324239246
DE,D,2016,0.27632182324239246
DE,R,1995,0.17077363768344142
DE,R,1996,0.17077363768344142
DE,R,1997,0.16551255106004667
DE,R,1998,0.16551255106004667
DE,R,1999,0.1506734880461722
DE,R,2e3,0.1506734880461722
DE,R,2001,0.1523309664294602
DE,R,2002,0.1523309664294602
DE,R,2003,0.2224458884322731
DE,R,2004,0.2224458884322731
DE,R,2005,0.22598437999118431
DE,R,2006,0.22598437999118431
DE,R,2007,0.3453198437194178
DE,R,2008,0.3453198437194178
DE,R,2009,0.3094789026354956
DE,R,2010,0.32617456306130815
DE,R,2011,0.32808441132181354
DE,R,2012,0.32808441132181354
DE,R,2013,0.3169488207030513
DE,R,2014,0.3169488207030513
DE,R,2015,0.3654860177444093
DE,R,2016,0.3654860177444093
FL,D,1996,0.4503158211720016
FL,D,1997,0.4716167840285624
FL,D,1998,0.4753479228930554
FL,D,1999,0.42029495942012984
FL,D,2e3,0.40161758254426017
FL,D,2001,0.22573655251341618
FL,D,2002,0.22573655251341618
FL,D,2003,0.21674156081272403
FL,D,2004,0.21674156081272403
FL,D,2005,0.2221014926016325
FL,D,2006,0.21706823076333093
FL,D,2007,0.18027038667309161
FL,D,2008,0.17560112341740455
FL,D,2010,0.2663975345342364
FL,D,2011,0.3110678942253825
FL,D,2012,0.3110678942253825
FL,D,2013,0.28012750041808865
FL,D,2014,0.2785980994373454
FL,D,2015,0.28976251153387383
FL,D,2016,0.2939148438501115
FL,R,1996,0.27620245660691123
FL,R,1997,0.26958477433872585
FL,R,1998,0.26510625920813086
FL,R,1999,0.23787228612288422
FL,R,2e3,0.23504674022434363
FL,R,2001,0.1566001739806581
FL,R,2002,0.15672441647821647
FL,R,2003,0.1514059113773303
FL,R,2004,0.1558989266045655
FL,R,2005,0.15406963345889446
FL,R,2006,0.1530940823459229
FL,R,2007,0.1658418591099401
FL,R,2008,0.16802182397930734
FL,R,2010,0.21644993221965841
FL,R,2011,0.20075982595143224
FL,R,2012,0.2008512724430077
FL,R,2013,0.1966904398358167
FL,R,2014,0.1945274357082909
FL,R,2015,0.21121101093276484
FL,R,2016,0.21536111941199126
GA,D,1993,0.2596467144466874
GA,D,1994,0.261732070865019
GA,D,1995,0.2708354760165083
GA,D,1996,0.26950667797897393
GA,D,1997,0.26746878266273905
GA,D,1998,0.2677674589624511
GA,D,1999,0.2682541164928077
GA,D,2e3,0.2674774561992839
GA,D,2001,0.2793496174889252
GA,D,2002,0.2803254264041075
GA,D,2003,0.3146208633127631
GA,D,2004,0.3146208633127631
GA,D,2005,0.3306929761038847
GA,D,2006,0.3306929761038847
GA,D,2007,0.3510225442129377
GA,D,2008,0.3510225442129377
GA,D,2009,0.3621426238376256
GA,D,2010,0.3716829971636011
GA,D,2011,0.42796034546633716
GA,D,2012,0.4283709451709659
GA,D,2013,0.34104626779904956
GA,D,2014,0.3481604973584797
GA,D,2015,0.3570748485368678
GA,D,2016,0.35095196925252065
GA,R,1993,0.3036254166982046
GA,R,1994,0.3034837692365858
GA,R,1995,0.3167895630741759
GA,R,1996,0.3197106215026066
GA,R,1997,0.32647514960563734
GA,R,1998,0.3249843728297975
GA,R,1999,0.3363055902746043
GA,R,2e3,0.3363055902746043
GA,R,2001,0.27645443591148094
GA,R,2002,0.2827477741447027
GA,R,2003,0.26579937565500705
GA,R,2004,0.26579937565500705
GA,R,2005,0.29094045629460147
GA,R,2006,0.29094045629460147
GA,R,2007,0.28186655020360846
GA,R,2008,0.28186655020360846
GA,R,2009,0.281235654904821
GA,R,2010,0.2823922133534968
GA,R,2011,0.28150449625058444
GA,R,2012,0.27823941086997944
GA,R,2013,0.32357508918660055
GA,R,2014,0.3304373398675366
GA,R,2015,0.3339330843146364
GA,R,2016,0.33415786561186234
HI,D,1996,0.17563401996794262
HI,D,1997,0.18250922369607253
HI,D,1998,0.18250922369607253
HI,D,1999,0.17986000328790738
HI,D,2e3,0.17962661828721532
HI,D,2001,0.1634325814192349
HI,D,2002,0.1634325814192349
HI,D,2003,0.15531825749444625
HI,D,2004,0.15531825749444625
HI,D,2005,0.14366209931811455
HI,D,2006,0.16222886609414736
HI,D,2007,0.16157966057324
HI,D,2008,0.16157966057324
HI,D,2011,0.16524815642533033
HI,D,2012,0.1699972934257477
HI,D,2013,0.18498359000578557
HI,D,2014,0.18498359000578557
HI,R,1996,0.19582621061008343
HI,R,1997,0.06826729994971416
HI,R,1998,0.06826729994971416
HI,R,1999,0.07332425908045011
HI,R,2e3,0.07332425908045011
HI,R,2001,0.07212351329206478
HI,R,2002,0.07212351329206478
HI,R,2003,0.05993385242637642
HI,R,2004,0.05993385242637642
HI,R,2005,0.06068644366285146
HI,R,2006,0.06692899901455952
HI,R,2007,0.11175858867602588
HI,R,2008,0.06597402086102853
HI,R,2011,0.04456792568652932
HI,R,2012,0.04456792568652932
HI,R,2013,0.060210741012989816
HI,R,2014,0.060210741012989816
IA,D,1993,0.1695012804719559
IA,D,1994,0.16627188945967322
IA,D,1995,0.16933464566420608
IA,D,1996,0.17002587685055118
IA,D,1997,0.1664592346840337
IA,D,1998,0.1664592346840337
IA,D,1999,0.27380126797265625
IA,D,2e3,0.27656837063620204
IA,D,2001,0.17724698043092754
IA,D,2002,0.18213181313898424
IA,D,2003,0.19147198808761093
IA,D,2004,0.1899589136863255
IA,D,2005,0.1999486519968918
IA,D,2006,0.2020645567792209
IA,D,2007,0.1954323572004618
IA,D,2008,0.19358105379540497
IA,D,2009,0.1874380014457178
IA,D,2010,0.168749194322271
IA,D,2011,0.18375569064971523
IA,D,2012,0.18375569064971523
IA,D,2013,0.19913713263683297
IA,D,2014,0.1964434208018131
IA,D,2015,0.17668336075244157
IA,D,2016,0.17668336075244157
IA,R,1993,0.20710878073810277
IA,R,1994,0.20710878073810277
IA,R,1995,0.18596287942576484
IA,R,1996,0.18644179729556845
IA,R,1997,0.1590982768765939
IA,R,1998,0.1590982768765939
IA,R,1999,0.16166682286777834
IA,R,2e3,0.1599731416851156
IA,R,2001,0.1698150385211068
IA,R,2002,0.17116939282173382
IA,R,2003,0.18046163586813133
IA,R,2004,0.1821561482191368
IA,R,2005,0.20679086267133215
IA,R,2006,0.20679086267133215
IA,R,2007,0.193708442948585
IA,R,2008,0.193708442948585
IA,R,2009,0.1736704530095669
IA,R,2010,0.1824598814834411
IA,R,2011,0.18335564142653984
IA,R,2012,0.18335564142653984
IA,R,2013,0.1644545697608901
IA,R,2014,0.16366436149040192
IA,R,2015,0.1799724289661334
IA,R,2016,0.19164215818023955
ID,D,1996,0.40681380596935585
ID,D,1997,0.40360018720400903
ID,D,1998,0.3847407627811934
ID,D,1999,0.4527000729628901
ID,D,2e3,0.4697563198084726
ID,D,2001,0.33763223746819226
ID,D,2002,0.35307120780060464
ID,D,2003,0.38305343404456427
ID,D,2004,0.38274395270641876
ID,D,2005,0.29530138884944357
ID,D,2006,0.29530138884944357
ID,D,2007,0.3156197745789435
ID,D,2008,0.3202704288863516
ID,D,2009,0.30174994488775986
ID,D,2010,0.30184299364149153
ID,D,2011,0.22672317357495117
ID,D,2012,0.22672317357495117
ID,D,2013,0.2723075655511801
ID,D,2014,0.37741767653900704
ID,D,2015,0.37648101684408475
ID,D,2016,0.37648101684408475
ID,R,1996,0.44942928311301716
ID,R,1997,0.417175882789122
ID,R,1998,0.417175882789122
ID,R,1999,0.42941634304605103
ID,R,2e3,0.4270345915113288
ID,R,2001,0.40188576770056816
ID,R,2002,0.4062149878985789
ID,R,2003,0.4270146095603041
ID,R,2004,0.4278504285009116
ID,R,2005,0.41559740269619044
ID,R,2006,0.40243989962107074
ID,R,2007,0.36862462335169155
ID,R,2008,0.3666663108732677
ID,R,2009,0.3495264216865637
ID,R,2010,0.3753972638737605
ID,R,2011,0.3884774534378718
ID,R,2012,0.38969988291872393
ID,R,2013,0.34652344888415043
ID,R,2014,0.34523477990802914
ID,R,2015,0.39168581366112387
ID,R,2016,0.3904999821241495
IL,D,1996,0.37445188045249655
IL,D,1997,0.42218428757782495
IL,D,1998,0.42846781466379125
IL,D,1999,0.46291842974346337
IL,D,2e3,0.46291842974346337
IL,D,2001,0.5065619195768515
IL,D,2002,0.5065619195768515
IL,D,2003,0.5705147466135303
IL,D,2004,0.5705147466135303
IL,D,2005,0.585630215546136
IL,D,2006,0.585630215546136
IL,D,2007,0.6017278470079326
IL,D,2008,0.6017278470079326
IL,D,2009,0.5815260761730041
IL,D,2010,0.5750705031590505
IL,D,2011,0.6054761050376126
IL,D,2012,0.5971663939355896
IL,D,2013,0.6141842408350615
IL,D,2014,0.6156842211083257
IL,D,2015,0.6094817403785519
IL,D,2016,0.6094817403785519
IL,R,1996,0.22656487164833863
IL,R,1997,0.2363295305403974
IL,R,1998,0.2351750063587098
IL,R,1999,0.2706322461508266
IL,R,2e3,0.2706322461508266
IL,R,2001,0.3280703014392027
IL,R,2002,0.3280703014392027
IL,R,2003,0.2781544071443709
IL,R,2004,0.2781544071443709
IL,R,2005,0.3113982307861126
IL,R,2006,0.3113982307861126
IL,R,2007,0.31946937529225383
IL,R,2008,0.31946937529225383
IL,R,2009,0.33001485029986105
IL,R,2010,0.33001485029986105
IL,R,2011,0.37065396751736474
IL,R,2012,0.3883890120424684
IL,R,2013,0.3729007945164778
IL,R,2014,0.38248189997966797
IL,R,2015,0.3097470251799735
IL,R,2016,0.3097470251799735
IN,D,1996,0.22913256936418783
IN,D,1997,0.21148260023955076
IN,D,1998,0.21148260023955076
IN,D,1999,0.205180079495478
IN,D,2e3,0.20104635317180025
IN,D,2001,0.20761418946951976
IN,D,2002,0.2082681699734573
IN,D,2003,0.20813236361583395
IN,D,2004,0.20633803756604435
IN,D,2005,0.2066106153256609
IN,D,2006,0.20460727713014004
IN,D,2007,0.20972276938854303
IN,D,2008,0.20615759248976606
IN,D,2011,0.2277221147329823
IN,D,2012,0.23036403604417965
IN,D,2013,0.22907802117389228
IN,D,2014,0.22907802117389228
IN,D,2015,0.23394514324785862
IN,D,2016,0.23704696418117913
IN,R,1996,0.18945408547996664
IN,R,1997,0.1890667747281961
IN,R,1998,0.18548547332965598
IN,R,1999,0.1668387939411493
IN,R,2e3,0.169366201670434
IN,R,2001,0.16641772280735256
IN,R,2002,0.16749532143078683
IN,R,2003,0.17102196073727427
IN,R,2004,0.1677406916220699
IN,R,2005,0.1600307097225362
IN,R,2006,0.14719656776771076
IN,R,2007,0.1305978461885111
IN,R,2008,0.13123030140483075
IN,R,2011,0.11259677068353949
IN,R,2012,0.11259677068353949
IN,R,2013,0.11021624485919052
IN,R,2014,0.10459424300230015
IN,R,2015,0.10328685417550888
IN,R,2016,0.10437580648892295
KS,D,1996,0.2799549977049128
KS,D,1997,0.29727870964075737
KS,D,1998,0.2954428418308957
KS,D,1999,0.30444478516852946
KS,D,2e3,0.30444478516852946
KS,D,2001,0.3226254614964496
KS,D,2002,0.3246741832245447
KS,D,2003,0.3430036104935255
KS,D,2004,0.3404161995100834
KS,D,2005,0.29359951331027084
KS,D,2006,0.2976426009263104
KS,D,2007,0.3142306215240669
KS,D,2008,0.3142306215240669
KS,D,2009,0.3156027150160311
KS,D,2010,0.3156027150160311
KS,D,2011,0.2911218244423916
KS,D,2013,0.27035355989608284
KS,D,2014,0.2564254868437034
KS,D,2015,0.3197220703968536
KS,D,2016,0.27683486013315994
KS,R,1996,0.3437599322919742
KS,R,1997,0.2869200971727771
KS,R,1998,0.276090641599229
KS,R,1999,0.2629040496127864
KS,R,2e3,0.26853958596008615
KS,R,2001,0.27864344205931263
KS,R,2002,0.2855183178615154
KS,R,2003,0.3372745032867551
KS,R,2004,0.33657029469349087
KS,R,2005,0.3617063643010773
KS,R,2006,0.3674717610257107
KS,R,2007,0.3598648018548564
KS,R,2008,0.36562864177223664
KS,R,2009,0.35169839556279103
KS,R,2010,0.35169839556279103
KS,R,2011,0.36084246777562945
KS,R,2013,0.4279787977108379
KS,R,2014,0.4444940788793185
KS,R,2015,0.49479787266875885
KS,R,2016,0.4891113823469791
KY,D,1996,0.42036492083268157
KY,D,1998,0.3699343054984431
KY,D,2e3,0.3675792058810643
KY,D,2001,0.34356673669623866
KY,D,2002,0.34305958081749593
KY,D,2003,0.34831568075746816
KY,D,2004,0.34330732262562724
KY,D,2005,0.3626347748766997
KY,D,2006,0.36168860448808915
KY,D,2007,0.37537214394263113
KY,D,2008,0.3772455166056294
KY,R,1996,0.25339389737499746
KY,R,1998,0.2660376292332858
KY,R,2e3,0.2619938000421082
KY,R,2001,0.2650212179983044
KY,R,2002,0.2650212179983044
KY,R,2003,0.2471051659217388
KY,R,2004,0.24474697656903247
KY,R,2005,0.2500348768584609
KY,R,2006,0.24751579924292016
KY,R,2007,0.2345225776043915
KY,R,2008,0.22101758895816387
LA,D,1996,0.3834739349316063
LA,D,1997,0.3836189141477073
LA,D,1998,0.37753062257709236
LA,D,1999,0.38255755028397914
LA,D,2e3,0.36841024039136766
LA,D,2001,0.3715987355246667
LA,D,2002,0.37381354603242284
LA,D,2003,0.37286279997558586
LA,D,2004,0.3795104174273859
LA,D,2005,0.37270104163198475
LA,D,2006,0.3779445239890968
LA,D,2007,0.3767090413897732
LA,D,2008,0.33525051992668276
LA,D,2009,0.33977396427823425
LA,D,2010,0.3275505407333254
LA,D,2011,0.3096535698701589
LA,D,2012,0.30903750548756986
LA,D,2013,0.30903750548756986
LA,D,2014,0.28768510632580785
LA,D,2015,0.3296034532034462
LA,D,2016,0.3286345143447094
LA,R,1996,0.20751641544239982
LA,R,1997,0.20608877216040183
LA,R,1998,0.20057935176552896
LA,R,1999,0.20057935176552896
LA,R,2e3,0.1756661573854643
LA,R,2001,0.1823641808153247
LA,R,2002,0.1878085844522007
LA,R,2003,0.18821346018647392
LA,R,2004,0.19353764860763248
LA,R,2005,0.19224276522350792
LA,R,2006,0.19037024077157796
LA,R,2007,0.19081203280569697
LA,R,2008,0.16140257186328114
LA,R,2009,0.17485243807862907
LA,R,2010,0.17121992750454207
LA,R,2011,0.18625950278029002
LA,R,2012,0.169982808461367
LA,R,2013,0.1728391088028414
LA,R,2014,0.1721879927607159
LA,R,2015,0.186966652208656
LA,R,2016,0.19956548491250078
MA,D,1995,0.13995614624429722
MA,D,1996,0.13995614624429722
MA,D,1997,0.13254056691834762
MA,D,1998,0.13254056691834762
MA,D,1999,0.12202889104059876
MA,D,2e3,0.12202889104059876
MA,D,2001,0.11586275758314765
MA,D,2002,0.11545261193781285
MA,D,2003,0.10773234176362102
MA,D,2004,0.10773614990170526
MA,D,2005,0.1125597967798024
MA,D,2006,0.11299174066475226
MA,D,2007,0.11323334934076917
MA,D,2008,0.11323334934076917
MA,R,1995,0.27035743774518983
MA,R,1996,0.27035743774518983
MA,R,1997,0.22509574864735515
MA,R,1998,0.22509574864735515
MA,R,1999,0.14112597673901608
MA,R,2e3,0.14112597673901608
MA,R,2001,0.13910498068787439
MA,R,2002,0.1301454481045636
MA,R,2003,0.084322878426243
MA,R,2004,0.084322878426243
MA,R,2005,0.08212986232616176
MA,R,2006,0.08212986232616176
MA,R,2007,0.07629199064290634
MA,R,2008,0.07629199064290634
MD,D,1996,0.4771305836334365
MD,D,1997,0.4771305836334365
MD,D,1998,0.4710633880440674
MD,D,1999,0.45923951013926917
MD,D,2e3,0.46074050060188837
MD,D,2001,0.46074050060188837
MD,D,2002,0.4577731371578331
MD,D,2003,0.444058598405198
MD,D,2004,0.443765694583819
MD,D,2005,0.43371774665430346
MD,D,2006,0.4293876429855243
MD,D,2007,0.41743244278180053
MD,D,2008,0.4136541209707894
MD,D,2009,0.4104380431067223
MD,D,2010,0.4104380431067223
MD,D,2011,0.40597884195313977
MD,D,2012,0.40597884195313977
MD,D,2013,0.41297727153455277
MD,D,2014,0.41276150162898495
MD,D,2015,0.47198795289849027
MD,D,2016,0.4729736875953133
MD,R,1996,0.4613305875135636
MD,R,1997,0.4613305875135636
MD,R,1998,0.4613305875135636
MD,R,1999,0.4209657933922294
MD,R,2e3,0.3969425270085068
MD,R,2001,0.3969425270085068
MD,R,2002,0.40047998427266035
MD,R,2003,0.3698290867179918
MD,R,2004,0.3741622284523693
MD,R,2005,0.3529573001203478
MD,R,2006,0.3431639009299195
MD,R,2007,0.3186596813098458
MD,R,2008,0.30799582145102944
MD,R,2009,0.3028063782397965
MD,R,2010,0.29321261848638036
MD,R,2011,0.28924380348004997
MD,R,2012,0.28924380348004997
MD,R,2013,0.28924380348004997
MD,R,2014,0.2895189025018389
MD,R,2015,0.27887604730140253
MD,R,2016,0.28219335967541465
ME,D,1996,0.44425567832680285
ME,D,1997,0.3215373708672097
ME,D,1998,0.32163546384834224
ME,D,1999,0.3086553387574236
ME,D,2e3,0.3086553387574236
ME,D,2001,0.2945636508159527
ME,D,2002,0.2945636508159527
ME,D,2003,0.30668052480372365
ME,D,2004,0.3026935769646955
ME,D,2005,0.3099234096104413
ME,D,2006,0.3099234096104413
ME,D,2007,0.26802771398637115
ME,D,2008,0.2646884350806023
ME,D,2011,0.2643959628218527
ME,D,2012,0.264918713473569
ME,D,2013,0.26615008159800957
ME,D,2014,0.26615008159800957
ME,D,2015,0.3349733743920211
ME,D,2016,0.3380711136680961
ME,R,1996,0.3778712015716056
ME,R,1997,0.3744491458534117
ME,R,1998,0.3744491458534117
ME,R,1999,0.32811904401033104
ME,R,2e3,0.32811904401033104
ME,R,2001,0.3195299604550649
ME,R,2002,0.3195299604550649
ME,R,2003,0.2729883660866302
ME,R,2004,0.2729883660866302
ME,R,2005,0.29182728714963263
ME,R,2006,0.29182728714963263
ME,R,2007,0.3130740916863705
ME,R,2008,0.3077256172681857
ME,R,2011,0.25287892968820685
ME,R,2012,0.24759303104956132
ME,R,2013,0.2505753675474439
ME,R,2014,0.2505753675474439
ME,R,2015,0.24843031024337398
ME,R,2016,0.2679738947762888
MI,D,1996,0.5910692918704268
MI,D,1997,0.42707836706971736
MI,D,1998,0.4280493244217668
MI,D,1999,0.41006062302427043
MI,D,2e3,0.41006062302427043
MI,D,2001,0.3528559684411686
MI,D,2002,0.3529225321872921
MI,D,2003,0.318889282750454
MI,D,2004,0.3167083931481321
MI,D,2005,0.3202860070620612
MI,D,2006,0.3209563392396436
MI,D,2007,0.3732651538459224
MI,D,2008,0.3732651538459224
MI,D,2011,0.2657337354032413
MI,D,2012,0.2644955717834647
MI,D,2013,0.2921950963978936
MI,D,2014,0.2949925662074335
MI,D,2015,0.34558491086822135
MI,D,2016,0.3382618210674044
MI,R,1996,0.25631714678197287
MI,R,1997,0.23512093980511736
MI,R,1998,0.23336854749360722
MI,R,1999,0.22725932270869714
MI,R,2e3,0.2282335951056222
MI,R,2001,0.2320682161041757
MI,R,2002,0.24397757823452895
MI,R,2003,0.26677206865041514
MI,R,2004,0.2631561450584569
MI,R,2005,0.2680555112440107
MI,R,2006,0.2680555112440107
MI,R,2007,0.25032875141665606
MI,R,2008,0.25032875141665606
MI,R,2011,0.16886642633654683
MI,R,2012,0.1672293389860653
MI,R,2013,0.21870363097096288
MI,R,2014,0.21870363097096288
MI,R,2015,0.4268141523299796
MI,R,2016,0.42376396825786256
MN,D,1995,0.37844495651371024
MN,D,1996,0.37844495651371024
MN,D,1997,0.37053944253051513
MN,D,1998,0.37053944253051513
MN,D,1999,0.3831414423308306
MN,D,2e3,0.3831414423308306
MN,D,2001,0.39272911429067553
MN,D,2002,0.39272911429067553
MN,D,2003,0.39247487694716315
MN,D,2004,0.39247487694716315
MN,D,2005,0.3880111175185006
MN,D,2006,0.3880111175185006
MN,D,2007,0.3915409315274565
MN,D,2008,0.3915409315274565
MN,D,2009,0.3871181273636604
MN,D,2010,0.3871181273636604
MN,D,2011,0.3672380023862121
MN,D,2012,0.36934439894815424
MN,D,2013,0.34207898887112725
MN,D,2014,0.34207898887112725
MN,D,2015,0.3419849452867039
MN,D,2016,0.3602933493960826
MN,R,1995,0.2707052292100475
MN,R,1996,0.2707052292100475
MN,R,1997,0.2863326907101862
MN,R,1998,0.2863326907101862
MN,R,1999,0.31795514597045693
MN,R,2e3,0.31795514597045693
MN,R,2001,0.31738400786855064
MN,R,2002,0.31738400786855064
MN,R,2003,0.3229282668321555
MN,R,2004,0.3229282668321555
MN,R,2005,0.33139833137574853
MN,R,2006,0.33139833137574853
MN,R,2007,0.3540566131371118
MN,R,2008,0.3572934111240411
MN,R,2009,0.3089430371201362
MN,R,2010,0.3089430371201362
MN,R,2011,0.27444451651428087
MN,R,2012,0.27444451651428087
MN,R,2013,0.24721567208530726
MN,R,2014,0.24721567208530726
MN,R,2015,0.23490238666258995
MN,R,2016,0.24492337586613105
MO,D,1996,0.31482608358411346
MO,D,1997,0.28836082460788487
MO,D,1998,0.28547313859467954
MO,D,1999,0.2614734310523547
MO,D,2e3,0.26274705682209476
MO,D,2001,0.26058607875960965
MO,D,2002,0.2604212566784623
MO,D,2003,0.2778719859272718
MO,D,2004,0.2729951215268752
MO,D,2005,0.2893188826630309
MO,D,2006,0.28760084843172495
MO,D,2007,0.2943717096130726
MO,D,2008,0.2928443499193352
MO,D,2009,0.3244209034899746
MO,D,2010,0.34122309922273614
MO,D,2011,0.349244378679115
MO,D,2012,0.36710334013416757
MO,D,2013,0.39327040340722114
MO,D,2014,0.392944313771672
MO,D,2015,0.36483356858923505
MO,D,2016,0.36072476426710093
MO,R,1996,0.32350098263493077
MO,R,1997,0.31212362819767314
MO,R,1998,0.31086092484356187
MO,R,1999,0.276768597314309
MO,R,2e3,0.27115989456601547
MO,R,2001,0.271544830571773
MO,R,2002,0.2733729574402872
MO,R,2003,0.22289916571715396
MO,R,2004,0.22289916571715396
MO,R,2005,0.2223634064680663
MO,R,2006,0.2254594701878109
MO,R,2007,0.22283125086951047
MO,R,2008,0.2280904223798991
MO,R,2009,0.23020833649551595
MO,R,2010,0.22894894521291556
MO,R,2011,0.33513484391256987
MO,R,2012,0.3344295487578046
MO,R,2013,0.35705614967578136
MO,R,2014,0.38715666748240973
MO,R,2015,0.3689159831892892
MO,R,2016,0.3675241093719478
MS,D,1996,0.4890781980456221
MS,D,1997,0.48369162542770144
MS,D,1998,0.48222692747272267
MS,D,1999,0.4584994812592108
MS,D,2e3,0.45008139406768377
MS,D,2001,0.4496070235552955
MS,D,2002,0.44743883975519766
MS,D,2003,0.4358046764886566
MS,D,2004,0.4750252030570903
MS,D,2005,0.47698388814460974
MS,D,2006,0.4660267362704836
MS,D,2007,0.4672800202205283
MS,D,2008,0.4762111687529528
MS,D,2009,0.4744040555559446
MS,D,2010,0.4674063210417374
MS,D,2011,0.4262593540022919
MS,D,2012,0.37733105918954746
MS,D,2013,0.3596088579300493
MS,D,2014,0.36138333582711557
MS,D,2015,0.4262251458172586
MS,D,2016,0.3859563351071613
MS,R,1996,0.3898701138137692
MS,R,1997,0.3563554137752311
MS,R,1998,0.3399803009617128
MS,R,1999,0.33282436142138927
MS,R,2e3,0.32669120288960113
MS,R,2001,0.32669120288960113
MS,R,2002,0.32669120288960113
MS,R,2003,0.3178649446606164
MS,R,2004,0.23759726002421508
MS,R,2005,0.23526301733708482
MS,R,2006,0.23526301733708482
MS,R,2007,0.2390475956927312
MS,R,2008,0.277192171606631
MS,R,2009,0.2471564921919978
MS,R,2010,0.2449496034601691
MS,R,2011,0.24529983934155422
MS,R,2012,0.2659036377705042
MS,R,2013,0.2642778703824684
MS,R,2014,0.2656266239769361
MS,R,2015,0.2690060938823262
MS,R,2016,0.3259947945299219
MT,D,1997,0.38173224150139673
MT,D,1998,0.38173224150139673
MT,D,1999,0.3813809055549992
MT,D,2e3,0.3813809055549992
MT,D,2001,0.38505524785729
MT,D,2002,0.38505524785729
MT,D,2003,0.3051357059306833
MT,D,2004,0.3051357059306833
MT,D,2005,0.2535572881369158
MT,D,2006,0.2535572881369158
MT,D,2007,0.3007652739263627
MT,D,2008,0.3007652739263627
MT,D,2011,0.32704175031884375
MT,D,2012,0.32704175031884375
MT,D,2013,0.31115678774326044
MT,D,2014,0.31115678774326044
MT,D,2015,0.3192874135305437
MT,D,2016,0.3192874135305437
MT,R,1997,0.4645507952271246
MT,R,1998,0.4645507952271246
MT,R,1999,0.45261094177051175
MT,R,2e3,0.45261094177051175
MT,R,2001,0.3140785813505243
MT,R,2002,0.3140785813505243
MT,R,2003,0.29439698318835955
MT,R,2004,0.29439698318835955
MT,R,2005,0.2815368084101898
MT,R,2006,0.2815368084101898
MT,R,2007,0.3890738789295757
MT,R,2008,0.3890738789295757
MT,R,2011,0.3066965080084593
MT,R,2012,0.3066965080084593
MT,R,2013,0.2794767671703287
MT,R,2014,0.2794767671703287
MT,R,2015,0.2889846571818288
MT,R,2016,0.2889846571818288
NC,D,1995,0.33490340956845027
NC,D,1996,0.33490340956845027
NC,D,1997,0.3388111706411944
NC,D,1998,0.3388111706411944
NC,D,1999,0.2985238867738042
NC,D,2e3,0.2985238867738042
NC,D,2001,0.2808165631516364
NC,D,2002,0.2808165631516364
NC,D,2003,0.2903111831308733
NC,D,2004,0.2903111831308733
NC,D,2005,0.30089925080434377
NC,D,2006,0.30089925080434377
NC,D,2007,0.3244428979494709
NC,D,2008,0.319812456349881
NC,D,2009,0.32123814206407636
NC,D,2010,0.33041833535518844
NC,D,2011,0.31829275508412386
NC,D,2012,0.3199660827613562
NC,D,2013,0.288306141609298
NC,D,2014,0.29019072851269506
NC,D,2015,0.29663522050168273
NC,D,2016,0.28495029350661066
NC,R,1995,0.3820022275652353
NC,R,1996,0.3820022275652353
NC,R,1997,0.3310876809230696
NC,R,1998,0.3310876809230696
NC,R,1999,0.3272048005355461
NC,R,2e3,0.3272048005355461
NC,R,2001,0.2903022289787494
NC,R,2002,0.2903022289787494
NC,R,2003,0.2707865001474105
NC,R,2004,0.2707865001474105
NC,R,2005,0.24573925985602396
NC,R,2006,0.24573925985602396
NC,R,2007,0.20173870452137035
NC,R,2008,0.20196442031681344
NC,R,2009,0.19860258033833234
NC,R,2010,0.19723338630338383
NC,R,2011,0.20515162094811668
NC,R,2012,0.20655441007051525
NC,R,2013,0.19726080960577802
NC,R,2014,0.19561028551794024
NC,R,2015,0.21675880006091133
NC,R,2016,0.21212912148779867
ND,D,1997,0.20771541428919843
ND,D,1998,0.20771541428919843
ND,D,1999,0.18507345942420866
ND,D,2e3,0.18507345942420866
ND,D,2001,0.1846134158193619
ND,D,2002,0.1846134158193619
ND,D,2003,0.16904014738686024
ND,D,2004,0.16904014738686024
ND,D,2005,0.14699693351066365
ND,D,2006,0.14699693351066365
ND,D,2007,0.14413567498378155
ND,D,2008,0.14413567498378155
ND,D,2011,0.16165769390907445
ND,D,2012,0.16165769390907445
ND,D,2013,0.16837183582420853
ND,D,2014,0.16837183582420853
ND,D,2015,0.14223560869011193
ND,D,2016,0.14223560869011193
ND,R,1997,0.24220408674236527
ND,R,1998,0.24220408674236527
ND,R,1999,0.24731508995659382
ND,R,2e3,0.24731508995659382
ND,R,2001,0.2496482336446553
ND,R,2002,0.2496482336446553
ND,R,2003,0.23379374938055392
ND,R,2004,0.23379374938055392
ND,R,2005,0.2529836369970107
ND,R,2006,0.2529836369970107
ND,R,2007,0.22264288099783566
ND,R,2008,0.22264288099783566
ND,R,2011,0.2428811722908292
ND,R,2012,0.2428811722908292
ND,R,2013,0.2485805603216368
ND,R,2014,0.2485805603216368
ND,R,2015,0.2515313961938381
ND,R,2016,0.2515313961938381
NE,D,1996,0.3264305346308674
NE,D,1997,0.28973806651206047
NE,D,1998,0.32413370779096057
NE,D,1999,0.282600163891635
NE,D,2e3,0.25676622072473465
NE,D,2001,0.26499799604619034
NE,D,2002,0.26502472446012165
NE,D,2003,0.2824698888293018
NE,D,2004,0.253004028548042
NE,D,2005,0.2635110370870007
NE,D,2006,0.2635110370870007
NE,D,2007,0.28959177939439246
NE,D,2008,0.28959177939439246
NE,D,2009,0.38813841359053236
NE,D,2010,0.38813841359053236
NE,D,2011,0.37434359058159905
NE,D,2012,0.37434359058159905
NE,D,2013,0.5976351739728769
NE,D,2014,0.5976351739728769
NE,D,2015,0.5449839682422095
NE,D,2016,0.5449839682422095
NE,R,1996,0.21106300007343778
NE,R,1997,0.2746547259042496
NE,R,1998,0.23734913102853358
NE,R,1999,0.32041812134580105
NE,R,2e3,0.3231045746408524
NE,R,2001,0.4185029271104325
NE,R,2002,0.3848993673526961
NE,R,2003,0.37772977153387094
NE,R,2004,0.37421465238630897
NE,R,2005,0.41770606152011386
NE,R,2006,0.41770606152011386
NE,R,2007,0.4038914785394483
NE,R,2008,0.4012645012955918
NE,R,2009,0.3733411308709503
NE,R,2010,0.38744760311723486
NE,R,2011,0.48234188335347233
NE,R,2012,0.4937567481882771
NE,R,2013,0.6798043295219454
NE,R,2014,0.6798043295219454
NE,R,2015,0.9207097737044816
NE,R,2016,0.9207097737044816
NH,D,1996,0.4529929839293916
NH,D,1997,0.37395749747758444
NH,D,1998,0.3783463157932552
NH,D,1999,0.335997880774417
NH,D,2e3,0.3276225112689995
NH,D,2001,0.32444542566691603
NH,D,2002,0.32716603334371397
NH,D,2003,0.32576354608086844
NH,D,2004,0.32594737665997087
NH,D,2005,0.31206940087417845
NH,D,2006,0.3102482595798481
NH,D,2007,0.2823030195222952
NH,D,2008,0.2754182667725321
NH,D,2009,0.27898082796184304
NH,D,2010,0.2787645561884059
NH,D,2011,0.29868381974225555
NH,D,2012,0.29717191620035815
NH,D,2013,0.3420242901542707
NH,D,2014,0.34488761442031235
NH,D,2015,0.3422791137659504
NH,D,2016,0.3417020106929943
NH,R,1996,0.41870692478338045
NH,R,1997,0.39583289008935835
NH,R,1998,0.3839146031371977
NH,R,1999,0.35249178625167105
NH,R,2e3,0.3539334290012629
NH,R,2001,0.3264881166790612
NH,R,2002,0.318617940636726
NH,R,2003,0.34326891847346847
NH,R,2004,0.3444022727767831
NH,R,2005,0.3516954198036754
NH,R,2006,0.35591042817165813
NH,R,2007,0.339204406459063
NH,R,2008,0.3392547629795095
NH,R,2009,0.35238634770936866
NH,R,2010,0.3488544041396382
NH,R,2011,0.33219682316396293
NH,R,2012,0.32543931054093755
NH,R,2013,0.3452236232676919
NH,R,2014,0.3445631616085247
NH,R,2015,0.3592236600674459
NH,R,2016,0.3595963679435803
NJ,D,1996,0.12499267104951374
NJ,D,1997,0.11785096764436276
NJ,D,1998,0.11397389344537096
NJ,D,1999,0.11397389344537096
NJ,D,2e3,0.12093254595959232
NJ,D,2001,0.12093254595959232
NJ,D,2002,0.15382032158308565
NJ,D,2003,0.14897867236720827
NJ,D,2004,0.14649089090117953
NJ,D,2005,0.14645461227782075
NJ,D,2006,0.1512847349219615
NJ,D,2007,0.15101966489061439
NJ,D,2008,0.11514429353351965
NJ,D,2009,0.11398697562548493
NJ,D,2010,0.10835005121960387
NJ,D,2011,0.10662820875340999
NJ,D,2012,0.1092256411814065
NJ,D,2013,0.180647215507431
NJ,D,2014,0.20150516949530933
NJ,D,2015,0.16451819472191465
NJ,D,2016,0.20064874796602106
NJ,R,1996,0.10089857708185412
NJ,R,1997,0.10120382545000109
NJ,R,1998,0.11877276008165746
NJ,R,1999,0.11668590773452374
NJ,R,2e3,0.1205786050673999
NJ,R,2001,0.11879992353380271
NJ,R,2002,0.13065482305698176
NJ,R,2003,0.12318315527534496
NJ,R,2004,0.12738457342023227
NJ,R,2005,0.12738457342023227
NJ,R,2006,0.1386419306928339
NJ,R,2007,0.1386419306928339
NJ,R,2008,0.12594508958827197
NJ,R,2009,0.13649151087039274
NJ,R,2010,0.10549263518573879
NJ,R,2011,0.10456281132699638
NJ,R,2012,0.1177229348680171
NJ,R,2013,0.12173897031739422
NJ,R,2014,0.12661979139368634
NJ,R,2015,0.1334185749025684
NJ,R,2016,0.13312630581704207
NM,D,1996,0.38581805178364276
NM,D,1997,0.39365160330568144
NM,D,1998,0.39365160330568144
NM,D,1999,0.3738581066937305
NM,D,2e3,0.38919163758902986
NM,D,2001,0.4156603466888847
NM,D,2002,0.4239701033328701
NM,D,2003,0.43656883123687434
NM,D,2004,0.43656883123687434
NM,D,2005,0.38717644691444775
NM,D,2006,0.38717644691444775
NM,D,2007,0.32596505516590996
NM,D,2008,0.3289029771966604
NM,D,2011,0.35134832344132044
NM,D,2012,0.35134832344132044
NM,D,2013,0.37031028856227893
NM,D,2014,0.3744249625125875
NM,D,2015,0.5102063270992641
NM,D,2016,0.5102063270992641
NM,R,1996,0.5817744159160771
NM,R,1997,0.5574369955145191
NM,R,1998,0.5574369955145191
NM,R,1999,0.4452076152646709
NM,R,2e3,0.4452076152646709
NM,R,2001,0.44555852755595704
NM,R,2002,0.4416163481936957
NM,R,2003,0.4117033341225637
NM,R,2004,0.4117033341225637
NM,R,2005,0.39053764832843557
NM,R,2006,0.39053764832843557
NM,R,2007,0.3922297455324153
NM,R,2008,0.3922297455324153
NM,R,2011,0.3947133045680502
NM,R,2012,0.38189687849791537
NM,R,2013,0.3318268941807052
NM,R,2014,0.33683749228985954
NM,R,2015,0.3828926844532392
NM,R,2016,0.3828926844532392
NV,D,1997,0.2076300797090826
NV,D,1998,0.2076300797090826
NV,D,1999,0.20281906081177734
NV,D,2e3,0.20281906081177734
NV,D,2001,0.2007610590951414
NV,D,2002,0.2007610590951414
NV,D,2003,0.17682657142985145
NV,D,2004,0.17682657142985145
NV,D,2005,0.158539274435269
NV,D,2006,0.158539274435269
NV,D,2007,0.13491117685731469
NV,D,2008,0.13491117685731469
NV,D,2009,0.14335084763349457
NV,D,2010,0.13997584825689785
NV,D,2011,0.1431512433111863
NV,D,2012,0.1431512433111863
NV,D,2013,0.15381889990587624
NV,D,2014,0.15377176810671936
NV,D,2015,0.39297361833319344
NV,D,2016,0.39297361833319344
NV,R,1997,0.2736027068149557
NV,R,1998,0.2736027068149557
NV,R,1999,0.32502927171645246
NV,R,2e3,0.32502927171645246
NV,R,2001,0.3143377770730685
NV,R,2002,0.3143377770730685
NV,R,2003,0.276574577783323
NV,R,2004,0.276574577783323
NV,R,2005,0.186348061433437
NV,R,2006,0.186348061433437
NV,R,2007,0.18066852046140824
NV,R,2008,0.18066852046140824
NV,R,2009,0.2544710199610164
NV,R,2010,0.2544710199610164
NV,R,2011,0.1783803870945458
NV,R,2012,0.1783803870945458
NV,R,2013,0.24054297705300776
NV,R,2014,0.24930246645434495
NV,R,2015,0.3017058476036898
NV,R,2016,0.3017058476036898
NY,D,1994,0.44354269123112333
NY,D,1995,0.4164539387770928
NY,D,1996,0.41787546782138674
NY,D,1997,0.42577557568573077
NY,D,1998,0.42577557568573077
NY,D,1999,0.42485162965027556
NY,D,2e3,0.42485162965027556
NY,D,2001,0.4341443651930786
NY,D,2002,0.4345788658673262
NY,D,2003,0.4299792746920777
NY,D,2004,0.4325126445903492
NY,D,2005,0.4304632662915311
NY,D,2006,0.4866473238039718
NY,D,2007,0.4481949467124199
NY,D,2008,0.4526047481689453
NY,D,2009,0.4543063011156847
NY,D,2010,0.4523823577092355
NY,D,2011,0.4136241168121016
NY,D,2012,0.41948135905633926
NY,D,2013,0.4222211840571476
NY,D,2014,0.42106885084972856
NY,D,2015,0.48542435793605165
NY,D,2016,0.47018000691635475
NY,R,1994,0.19379699456400454
NY,R,1995,0.17604583228504747
NY,R,1996,0.17538389160342596
NY,R,1997,0.16736894879806913
NY,R,1998,0.16736894879806913
NY,R,1999,0.17055783730825733
NY,R,2e3,0.17379675982448636
NY,R,2001,0.1779330629814504
NY,R,2002,0.17839144796842946
NY,R,2003,0.27980903363082904
NY,R,2004,0.2810030468210177
NY,R,2005,0.2118092517146817
NY,R,2006,0.22215484437487978
NY,R,2007,0.21555957980891863
NY,R,2008,0.2103070041740069
NY,R,2009,0.20958554630391904
NY,R,2010,0.19406083436184948
NY,R,2011,0.24438775040705213
NY,R,2012,0.2479088048258958
NY,R,2013,0.3329970834494276
NY,R,2014,0.34650154474810135
NY,R,2015,0.3340595964098148
NY,R,2016,0.34281088228074247
OH,D,1995,0.34698366096346633
OH,D,1996,0.34698366096346633
OH,D,1997,0.3400894887531226
OH,D,1998,0.3400894887531226
OH,D,1999,0.2794068326609996
OH,D,2e3,0.2794068326609996
OH,D,2001,0.2714048049522099
OH,D,2002,0.2714048049522099
OH,D,2003,0.43295742389313935
OH,D,2004,0.43295742389313935
OH,D,2005,0.3553290132993754
OH,D,2006,0.3553290132993754
OH,D,2007,0.25619379011669485
OH,D,2008,0.25569221770526274
OH,D,2009,0.27849592138722223
OH,D,2010,0.27509066927062187
OH,D,2011,0.2257632339529137
OH,D,2012,0.2235763278843355
OH,D,2013,0.2270616529288229
OH,D,2014,0.22958873927912643
OH,D,2015,0.3341243164205943
OH,D,2016,0.33061407031774
OH,R,1995,0.23237364982138814
OH,R,1996,0.23237364982138814
OH,R,1997,0.2261723106931832
OH,R,1998,0.2261723106931832
OH,R,1999,0.20697446294690486
OH,R,2e3,0.20697446294690486
OH,R,2001,0.3130347755759785
OH,R,2002,0.3130347755759785
OH,R,2003,0.2617117222167073
OH,R,2004,0.2617117222167073
OH,R,2005,0.25424556837740164
OH,R,2006,0.25424556837740164
OH,R,2007,0.25453931269079305
OH,R,2008,0.2716007669786236
OH,R,2009,0.1714822602703238
OH,R,2010,0.17921320797598456
OH,R,2011,0.1613328939732612
OH,R,2012,0.15411147987236562
OH,R,2013,0.15431689733227497
OH,R,2014,0.15777008588449207
OH,R,2015,0.35656754440425203
OH,R,2016,0.42573708211301486
OK,D,1996,0.23378713496504985
OK,D,1997,0.2171011006347628
OK,D,1998,0.2171011006347628
OK,D,1999,0.2110037425699627
OK,D,2e3,0.21250903869111948
OK,D,2001,0.20875991229254762
OK,D,2002,0.20875991229254762
OK,D,2003,0.19587533060056592
OK,D,2004,0.19523979896564414
OK,D,2005,0.2109840968226059
OK,D,2006,0.2109840968226059
OK,D,2007,0.2198936702491566
OK,D,2008,0.2198936702491566
OK,D,2010,0.21270214803493984
OK,D,2011,0.2071969142876471
OK,D,2012,0.20384773531621192
OK,D,2013,0.1963911285406195
OK,D,2014,0.1963911285406195
OK,D,2015,0.20990386688513704
OK,D,2016,0.2035930581658749
OK,R,1996,0.2626314500805807
OK,R,1997,0.2820645571751517
OK,R,1998,0.2820645571751517
OK,R,1999,0.21734592391168883
OK,R,2e3,0.24734047334817152
OK,R,2001,0.21587042598819906
OK,R,2002,0.21794396201370497
OK,R,2003,0.18444237289310647
OK,R,2004,0.1830685208694639
OK,R,2005,0.13674617010210552
OK,R,2006,0.13674617010210552
OK,R,2007,0.12565059512448737
OK,R,2008,0.12565059512448737
OK,R,2010,0.12163469356210911
OK,R,2011,0.1329590364850121
OK,R,2012,0.13486145461286744
OK,R,2013,0.13721782185198397
OK,R,2014,0.13721782185198397
OK,R,2015,0.1417390892326425
OK,R,2016,0.1412954223542632
OR,D,1997,0.4044678678926615
OR,D,1998,0.4044678678926615
OR,D,1999,0.36780146365487276
OR,D,2e3,0.36780146365487276
OR,D,2001,0.4118841386249217
OR,D,2002,0.4118841386249217
OR,D,2003,0.3809246775938781
OR,D,2004,0.3809246775938781
OR,D,2005,0.32456075950380486
OR,D,2006,0.32456075950380486
OR,D,2007,0.30894742566973593
OR,D,2008,0.3054515150137474
OR,D,2009,0.28346701608185243
OR,D,2010,0.28346701608185243
OR,D,2011,0.273313093587623
OR,D,2012,0.28120130025369333
OR,D,2013,0.2727035454622196
OR,D,2014,0.2861428052408226
OR,D,2015,0.36422728613653665
OR,D,2016,0.36422728613653665
OR,R,1997,0.3296985263533489
OR,R,1998,0.3296985263533489
OR,R,1999,0.29550833001667437
OR,R,2e3,0.29550833001667437
OR,R,2001,0.28463699303328494
OR,R,2002,0.28463699303328494
OR,R,2003,0.26779057727506195
OR,R,2004,0.26779057727506195
OR,R,2005,0.22179331484470835
OR,R,2006,0.22179331484470835
OR,R,2007,0.21696074081314157
OR,R,2008,0.21318875457152417
OR,R,2009,0.2779404814558039
OR,R,2010,0.2779404814558039
OR,R,2011,0.2707100922074914
OR,R,2012,0.2707100922074914
OR,R,2013,0.2774328719916557
OR,R,2014,0.2774328719916557
OR,R,2015,0.23286568561347093
OR,R,2016,0.23352899891305431
PA,D,1996,0.20125847049800094
PA,D,1997,0.19125177757145795
PA,D,1998,0.18783774967247718
PA,D,1999,0.18045623885422793
PA,D,2e3,0.1813481977610167
PA,D,2001,0.17803379091360916
PA,D,2002,0.18166964247816614
PA,D,2003,0.17719273517144093
PA,D,2004,0.17170926710303003
PA,D,2005,0.17553675731484641
PA,D,2006,0.17041654359216896
PA,D,2007,0.18215607820712554
PA,D,2008,0.18215607820712554
PA,D,2009,0.18315222899084974
PA,D,2010,0.18271043884322888
PA,D,2011,0.18422473468389872
PA,D,2012,0.18269148558821438
PA,D,2013,0.19492687939916206
PA,D,2014,0.19572507307031545
PA,D,2015,0.21965566771551912
PA,D,2016,0.21965566771551912
PA,R,1996,0.23289473768838817
PA,R,1997,0.23414040086059604
PA,R,1998,0.23877184613244185
PA,R,1999,0.2550962181715245
PA,R,2e3,0.2550232234448744
PA,R,2001,0.2670657863693593
PA,R,2002,0.26420128891107075
PA,R,2003,0.26529060356654993
PA,R,2004,0.2654205377163911
PA,R,2005,0.2493743703281806
PA,R,2006,0.24971700897310814
PA,R,2007,0.24419140480004162
PA,R,2008,0.24419140480004162
PA,R,2009,0.23934342934728153
PA,R,2010,0.23810702827951077
PA,R,2011,0.22956193523901577
PA,R,2012,0.222463101689767
PA,R,2013,0.2154034475324042
PA,R,2014,0.2158984386009676
PA,R,2015,0.2200777146658413
PA,R,2016,0.2200777146658413
RI,D,1996,0.18133031136073702
RI,D,1997,0.19212872656199145
RI,D,1998,0.190426950429547
RI,D,1999,0.18111435572455653
RI,D,2e3,0.18058246962169358
RI,D,2001,0.16597346964998194
RI,D,2002,0.165549042383741
RI,D,2003,0.15117606714361145
RI,D,2004,0.14511232649774206
RI,D,2005,0.1451444917910003
RI,D,2006,0.1451444917910003
RI,D,2007,0.13110142905191213
RI,D,2008,0.13221883503867005
RI,D,2009,0.1453861346805461
RI,D,2010,0.14636506374151578
RI,D,2011,0.1597251575724327
RI,D,2012,0.1597251575724327
RI,D,2013,0.15536706118065935
RI,D,2014,0.15535437722653378
RI,D,2015,0.16860977603656996
RI,D,2016,0.1643064322740773
RI,R,1996,0.10848546369598709
RI,R,1997,0.1191252205950452
RI,R,1998,0.11900964596759933
RI,R,1999,0.15125593864162482
RI,R,2e3,0.15761602268189806
RI,R,2001,0.14957568557183923
RI,R,2002,0.14957568557183923
RI,R,2003,0.16141730221554768
RI,R,2004,0.16141730221554768
RI,R,2005,0.154363439416759
RI,R,2006,0.154363439416759
RI,R,2007,0.15411892439652847
RI,R,2008,0.1486396409345194
RI,R,2009,0.15555277775297574
RI,R,2010,0.15555277775297574
RI,R,2011,0.1544540204865009
RI,R,2012,0.1544540204865009
RI,R,2013,0.07318469785412796
RI,R,2014,0.07318469785412796
RI,R,2015,0.21162561281659645
RI,R,2016,0.21162561281659645
SC,D,1993,0.35428433822785116
SC,D,1994,0.35149566381723135
SC,D,1995,0.3882382500447557
SC,D,1996,0.37354129406389236
SC,D,1997,0.39097077703781663
SC,D,1998,0.3930847029717733
SC,D,1999,0.36907664785288247
SC,D,2e3,0.3706895854984228
SC,D,2001,0.35935709977295943
SC,D,2002,0.3530276162326848
SC,D,2003,0.3387514237000688
SC,D,2004,0.3387514237000688
SC,D,2005,0.321722137104989
SC,D,2006,0.32260479645206386
SC,D,2007,0.33306864628369764
SC,D,2008,0.33306864628369764
SC,D,2009,0.3187780969783247
SC,D,2010,0.3187780969783247
SC,D,2011,0.2750312135735075
SC,D,2012,0.2750312135735075
SC,D,2013,0.2587696315687415
SC,D,2014,0.2603951187606944
SC,D,2015,0.281882332711629
SC,D,2016,0.2788905149403104
SC,R,1993,0.1775211812599228
SC,R,1994,0.17606608607754834
SC,R,1995,0.20923146620815167
SC,R,1996,0.20528971265975757
SC,R,1997,0.19643213864632159
SC,R,1998,0.21403255736845764
SC,R,1999,0.18180724290662878
SC,R,2e3,0.1735915876096819
SC,R,2001,0.15828405684118516
SC,R,2002,0.157164607603938
SC,R,2003,0.16171146463067626
SC,R,2004,0.16171146463067626
SC,R,2005,0.18437058844551849
SC,R,2006,0.18476030881707228
SC,R,2007,0.2235434309594316
SC,R,2008,0.2223086670714818
SC,R,2009,0.24507526869095464
SC,R,2010,0.2512481406279738
SC,R,2011,0.2602537385342478
SC,R,2012,0.2668011188461245
SC,R,2013,0.2366473058920118
SC,R,2014,0.2366473058920118
SC,R,2015,0.29428953861101687
SC,R,2016,0.2664666528047403
SD,D,1996,0.20266309003674324
SD,D,1997,0.2110005436894167
SD,D,1998,0.2110005436894167
SD,D,1999,0.22108546678995206
SD,D,2e3,0.22108546678995206
SD,D,2001,0.12501758823629996
SD,D,2002,0.12501758823629996
SD,D,2003,0.12052571351810211
SD,D,2004,0.12052571351810211
SD,D,2005,0.14320361327075926
SD,D,2006,0.14320361327075926
SD,D,2007,0.15675874860165825
SD,D,2008,0.15675874860165825
SD,D,2009,0.23416017625183938
SD,D,2010,0.22977127757837792
SD,D,2011,0.17809899343339453
SD,D,2012,0.17809899343339453
SD,D,2013,0.18750058823437143
SD,D,2014,0.18590098566330476
SD,D,2015,0.20533933481981095
SD,D,2016,0.20533933481981095
SD,R,1996,0.20395873727910857
SD,R,1997,0.15901465068101642
SD,R,1998,0.15909847830156118
SD,R,1999,0.1701189088174942
SD,R,2e3,0.17043231075421
SD,R,2001,0.13512802093132395
SD,R,2002,0.13512802093132395
SD,R,2003,0.11215985615777746
SD,R,2004,0.11215985615777746
SD,R,2005,0.11254122381964543
SD,R,2006,0.11254122381964543
SD,R,2007,0.12095110160553246
SD,R,2008,0.12109032553749086
SD,R,2009,0.1670805253243049
SD,R,2010,0.15494409152202138
SD,R,2011,0.2114251824052708
SD,R,2012,0.2128798445961808
SD,R,2013,0.24881943604985599
SD,R,2014,0.24152432719410774
SD,R,2015,0.25440524807486553
SD,R,2016,0.2549820112749234
TN,D,1996,0.26136150859110596
TN,D,1997,0.2521406104372994
TN,D,1998,0.2521406104372994
TN,D,1999,0.2607096662944378
TN,D,2e3,0.25748650344345314
TN,D,2001,0.2586239173220649
TN,D,2002,0.26086445120936264
TN,D,2003,0.2613758228197799
TN,D,2004,0.27861662418176025
TN,D,2005,0.2739742008750058
TN,D,2006,0.27226186249763695
TN,D,2007,0.2704371154320622
TN,D,2008,0.2587575025835125
TN,D,2011,0.2640359807085664
TN,D,2012,0.2640359807085664
TN,D,2013,0.2726681098847977
TN,D,2014,0.2613094464052664
TN,D,2015,0.2610842775810141
TN,D,2016,0.27001984257571776
TN,R,1996,0.28798797940548027
TN,R,1997,0.3005867850766749
TN,R,1998,0.3129459301471766
TN,R,1999,0.30826873786290715
TN,R,2e3,0.30826873786290715
TN,R,2001,0.36371572757829
TN,R,2002,0.36240992072347045
TN,R,2003,0.31813356892470135
TN,R,2004,0.31813356892470135
TN,R,2005,0.3041335100234631
TN,R,2006,0.2897823679469593
TN,R,2007,0.2632448502966952
TN,R,2008,0.2632448502966952
TN,R,2011,0.17765678298247592
TN,R,2012,0.17765678298247592
TN,R,2013,0.17080277149239237
TN,R,2014,0.16971554139188208
TN,R,2015,0.19226534104775425
TN,R,2016,0.19666554519454257
TX,D,1993,0.5607718802100553
TX,D,1994,0.5607718802100553
TX,D,1995,0.5447964289403783
TX,D,1996,0.5447964289403783
TX,D,1997,0.5124714864094548
TX,D,1998,0.5124714864094548
TX,D,1999,0.4908818685649848
TX,D,2e3,0.4908818685649848
TX,D,2001,0.4980061722929063
TX,D,2002,0.4980061722929063
TX,D,2003,0.46748255647050474
TX,D,2004,0.46748255647050474
TX,D,2005,0.4633114284956778
TX,D,2006,0.4633114284956778
TX,D,2007,0.4498220454235425
TX,D,2008,0.4498220454235425
TX,D,2009,0.4371867116509053
TX,D,2010,0.4371867116509053
TX,D,2011,0.3965600436217432
TX,D,2012,0.3965600436217432
TX,D,2013,0.4682914126247108
TX,D,2014,0.4682914126247108
TX,D,2015,0.6359266774281895
TX,D,2016,0.6359266774281895
TX,R,1993,0.3295193016044282
TX,R,1994,0.3295193016044282
TX,R,1995,0.3291176214215197
TX,R,1996,0.3291176214215197
TX,R,1997,0.3040660552166761
TX,R,1998,0.3040660552166761
TX,R,1999,0.29292592679984697
TX,R,2e3,0.29292592679984697
TX,R,2001,0.29947192960228897
TX,R,2002,0.29947192960228897
TX,R,2003,0.31077352983874973
TX,R,2004,0.31077352983874973
TX,R,2005,0.29630691040551455
TX,R,2006,0.29630691040551455
TX,R,2007,0.31235361015646634
TX,R,2008,0.31235361015646634
TX,R,2009,0.29949826669679736
TX,R,2010,0.29949826669679736
TX,R,2011,0.3512603065067721
TX,R,2012,0.3512603065067721
TX,R,2013,0.4208623517837348
TX,R,2014,0.4208623517837348
TX,R,2015,0.5783516035419869
TX,R,2016,0.5783516035419869
UT,D,1993,0.31730918675638753
UT,D,1994,0.31730918675638753
UT,D,1995,0.3667947798515074
UT,D,1996,0.3667947798515074
UT,D,1997,0.356547520269776
UT,D,1998,0.356547520269776
UT,D,1999,0.3242095515763429
UT,D,2e3,0.3242095515763429
UT,D,2001,0.35738505803984716
UT,D,2002,0.371702543436417
UT,D,2003,0.38050029393446005
UT,D,2004,0.38050029393446005
UT,D,2005,0.33072508459284933
UT,D,2006,0.31352484815299203
UT,D,2007,0.35483521379278066
UT,D,2008,0.37942189751751215
UT,D,2011,0.30309098269471774
UT,D,2012,0.31046680934663906
UT,D,2013,0.3061787885361273
UT,D,2014,0.3061787885361273
UT,D,2015,0.41806183390701546
UT,D,2016,0.3802694817992614
UT,R,1993,0.334957359708858
UT,R,1994,0.334957359708858
UT,R,1995,0.3635722391272098
UT,R,1996,0.35933101518876687
UT,R,1997,0.34382606890194595
UT,R,1998,0.34205296713116273
UT,R,1999,0.3647102733787963
UT,R,2e3,0.3647102733787963
UT,R,2001,0.3444523359838134
UT,R,2002,0.34456116790981034
UT,R,2003,0.3214074049004037
UT,R,2004,0.32949099666472964
UT,R,2005,0.35078171289423016
UT,R,2006,0.3488137182866165
UT,R,2007,0.3669173786862035
UT,R,2008,0.36945039715717715
UT,R,2011,0.3488609091840908
UT,R,2012,0.35464069287142913
UT,R,2013,0.34450130742810264
UT,R,2014,0.34628498955206105
UT,R,2015,0.34410000898028986
UT,R,2016,0.3467436977969822
VA,D,1996,0.38865651984869604
VA,D,1997,0.3608161949805361
VA,D,1998,0.39500799659739355
VA,D,1999,0.39520027679078135
VA,D,2e3,0.39215211961861063
VA,D,2001,0.4025100030498229
VA,D,2002,0.4030489458650442
VA,D,2003,0.39669389164948615
VA,D,2004,0.3922301888190416
VA,D,2005,0.3873465026180285
VA,D,2006,0.3499771970593777
VA,D,2007,0.3499771970593777
VA,D,2008,0.3344460337557458
VA,D,2010,0.40336670878294606
VA,D,2011,0.40336670878294606
VA,D,2012,0.39524597792326255
VA,D,2013,0.38122290490709826
VA,D,2014,0.35980823491005726
VA,D,2015,0.3512718547164232
VA,D,2016,0.2724889443599265
VA,R,1996,0.27638866161717157
VA,R,1997,0.26736830610809337
VA,R,1998,0.2810019768761879
VA,R,1999,0.2750916884873658
VA,R,2e3,0.2610058481918497
VA,R,2001,0.26503585916724226
VA,R,2002,0.25811789355681325
VA,R,2003,0.26371178350977187
VA,R,2004,0.25174000487535714
VA,R,2005,0.25174000487535714
VA,R,2006,0.23904441729845607
VA,R,2007,0.24138540845198958
VA,R,2008,0.22721860378104822
VA,R,2010,0.21586026499452537
VA,R,2011,0.21307093618254055
VA,R,2012,0.21811231074724438
VA,R,2013,0.21811231074724438
VA,R,2014,0.23228800317259274
VA,R,2015,0.23433748733613774
VA,R,2016,0.24847203788968614
VT,D,1995,0.47388486633550836
VT,D,1996,0.47388486633550836
VT,D,1997,0.5005598318343755
VT,D,1998,0.5005598318343755
VT,D,1999,0.5025625277781123
VT,D,2e3,0.5025625277781123
VT,D,2001,0.502537973437375
VT,D,2002,0.502537973437375
VT,D,2003,0.39453451480948915
VT,D,2004,0.39453451480948915
VT,D,2005,0.3723835699729345
VT,D,2006,0.3723835699729345
VT,D,2007,0.35970224362977576
VT,D,2008,0.35970224362977576
VT,D,2009,0.39656094543882203
VT,D,2010,0.4019865814027963
VT,D,2011,0.3838340476852251
VT,D,2012,0.4045193714012205
VT,D,2013,0.43797089144395884
VT,D,2014,0.4617504876380745
VT,R,1995,0.36898777505776054
VT,R,1996,0.36898777505776054
VT,R,1997,0.3472246757546928
VT,R,1998,0.3472246757546928
VT,R,1999,0.32370228249265864
VT,R,2e3,0.32370228249265864
VT,R,2001,0.34219396010028286
VT,R,2002,0.34219396010028286
VT,R,2003,0.3452261863160294
VT,R,2004,0.343136814241304
VT,R,2005,0.24767738036761192
VT,R,2006,0.24924958327607355
VT,R,2007,0.22944126144359953
VT,R,2008,0.22944126144359953
VT,R,2009,0.22489645474340347
VT,R,2010,0.22531542678186445
VT,R,2011,0.24192487184458994
VT,R,2012,0.24192487184458994
VT,R,2013,0.259001590720543
VT,R,2014,0.26037621382774717
WA,D,1993,0.5218651622329732
WA,D,1994,0.5234936870532589
WA,D,1995,0.576430004855634
WA,D,1996,0.548520535060125
WA,D,1997,0.4211605288448938
WA,D,1998,0.3644714649742663
WA,D,1999,0.3505289455475349
WA,D,2e3,0.3505289455475349
WA,D,2001,0.34933009748202737
WA,D,2002,0.3575404050236698
WA,D,2003,0.314417773486917
WA,D,2004,0.3123900808192675
WA,D,2005,0.30265766128195054
WA,D,2006,0.30265766128195054
WA,D,2007,0.33018009329639575
WA,D,2008,0.3241879347354363
WA,D,2009,0.3926421426625089
WA,D,2010,0.35383213784453416
WA,D,2011,0.3088107748708682
WA,D,2012,0.3130447499770847
WA,D,2013,0.2971240853211366
WA,D,2014,0.304290855392213
WA,D,2015,0.35971235910448923
WA,D,2016,0.35971235910448923
WA,R,1993,0.3177258502374191
WA,R,1994,0.3111561225104812
WA,R,1995,0.3298004596258151
WA,R,1996,0.3247457149502223
WA,R,1997,0.2839765349506846
WA,R,1998,0.2815205435062246
WA,R,1999,0.3170441313515987
WA,R,2e3,0.319896716165711
WA,R,2001,0.3100037099295233
WA,R,2002,0.3213415466877254
WA,R,2003,0.3648193358719998
WA,R,2004,0.3654499846823746
WA,R,2005,0.3604921116601773
WA,R,2006,0.3604921116601773
WA,R,2007,0.35234446746803655
WA,R,2008,0.3615415759094811
WA,R,2009,0.45222821878102865
WA,R,2010,0.45295788744116555
WA,R,2011,0.4770908241326223
WA,R,2012,0.4770908241326223
WA,R,2013,0.5348889725934853
WA,R,2014,0.5378259741924497
WA,R,2015,0.4953063866604859
WA,R,2016,0.4953063866604859
WI,D,1995,0.231608823469322
WI,D,1996,0.231608823469322
WI,D,1997,0.23251637165957095
WI,D,1998,0.23251637165957095
WI,D,1999,0.3878856217437759
WI,D,2e3,0.3878856217437759
WI,D,2001,0.2263834935618178
WI,D,2002,0.2263834935618178
WI,D,2003,0.22511119074752306
WI,D,2004,0.22511119074752306
WI,D,2005,0.22188032786175024
WI,D,2006,0.22188032786175024
WI,D,2007,0.20665932989075847
WI,D,2008,0.20665932989075847
WI,D,2009,0.19313194108346415
WI,D,2010,0.19313194108346415
WI,D,2011,0.22358018695761037
WI,D,2012,0.22228356924252332
WI,D,2013,0.26159844215757716
WI,D,2014,0.26159844215757716
WI,D,2015,0.28010407787899927
WI,D,2016,0.28010407787899927
WI,R,1995,0.19264395279639485
WI,R,1996,0.19264395279639485
WI,R,1997,0.180180037495694
WI,R,1998,0.180180037495694
WI,R,1999,0.14192810576269668
WI,R,2e3,0.14192810576269668
WI,R,2001,0.13957454110708203
WI,R,2002,0.13957454110708203
WI,R,2003,0.1522640685813525
WI,R,2004,0.1522640685813525
WI,R,2005,0.1713647734898288
WI,R,2006,0.1713647734898288
WI,R,2007,0.2023917173201982
WI,R,2008,0.2023917173201982
WI,R,2009,0.2151431160564368
WI,R,2010,0.2151431160564368
WI,R,2011,0.20970164207398234
WI,R,2012,0.214565465494918
WI,R,2013,0.21452023629980893
WI,R,2014,0.21775199441898652
WI,R,2015,0.20839704709297388
WI,R,2016,0.19914417633912884
WV,D,1996,0.35390721964852884
WV,D,1997,0.3239402958163892
WV,D,1998,0.3073845587178559
WV,D,1999,0.2979129064337761
WV,D,2e3,0.29946521753352723
WV,D,2001,0.3070763780918063
WV,D,2002,0.3070763780918063
WV,D,2003,0.2572360597813473
WV,D,2004,0.25815540498999573
WV,D,2005,0.2764830279910029
WV,D,2006,0.27732626875156513
WV,D,2007,0.2604764787382062
WV,D,2008,0.2831883445842562
WV,D,2010,0.272576623670347
WV,D,2011,0.21211562861761543
WV,D,2012,0.2133937911377785
WV,D,2013,0.22306561154445345
WV,D,2014,0.23321491716167514
WV,D,2015,0.2495182071799285
WV,D,2016,0.2331834076157684
WV,R,1996,0.25660072327021155
WV,R,1997,0.31472466354919476
WV,R,1998,0.31472466354919476
WV,R,1999,0.30284442100414094
WV,R,2e3,0.30803756805515353
WV,R,2001,0.2847756543901415
WV,R,2002,0.2847756543901415
WV,R,2003,0.26782130537525056
WV,R,2004,0.26782130537525056
WV,R,2005,0.26010618179207434
WV,R,2006,0.26010618179207434
WV,R,2007,0.2914134410949393
WV,R,2008,0.2914134410949393
WV,R,2010,0.2126578405393442
WV,R,2011,0.263150313309633
WV,R,2012,0.2633219328809024
WV,R,2013,0.22482668419883925
WV,R,2014,0.2251918183959261
WV,R,2015,0.2211624092379187
WV,R,2016,0.2226673032274548
WY,D,1996,0.4631716744361641
WY,D,1997,0.36832028068878675
WY,D,1998,0.3416989774296531
WY,D,1999,0.361876847755112
WY,D,2e3,0.3547974359944492
WY,D,2001,0.3604032311328368
WY,D,2002,0.3604032311328368
WY,D,2003,0.2577007308229192
WY,D,2004,0.2604185824691435
WY,D,2005,0.26354585480029386
WY,D,2006,0.26354585480029386
WY,D,2007,0.2863026730371816
WY,D,2008,0.2915051709762322
WY,D,2009,0.35776782794635176
WY,D,2010,0.3540774934177958
WY,D,2011,0.31796996713526265
WY,D,2012,0.31796996713526265
WY,D,2013,0.327965154943544
WY,D,2014,0.327965154943544
WY,D,2015,0.28472623303408096
WY,D,2016,0.28472623303408096
WY,R,1996,0.7403096878047317
WY,R,1997,0.33666993408718937
WY,R,1998,0.33666993408718937
WY,R,1999,0.35254842350967674
WY,R,2e3,0.3540876473636208
WY,R,2001,0.365330327000219
WY,R,2002,0.365330327000219
WY,R,2003,0.35754670105364345
WY,R,2004,0.3603659367239797
WY,R,2005,0.3499030341870921
WY,R,2006,0.35353374682613753
WY,R,2007,0.36753001700511284
WY,R,2008,0.36390263748440504
WY,R,2009,0.4134525999906451
WY,R,2010,0.41763176058507906
WY,R,2011,0.42198685974318967
WY,R,2012,0.4307092987155026
WY,R,2013,0.3869920331355766
WY,R,2014,0.38720377233727615
WY,R,2015,0.4026113008943528
WY,R,2016,0.4010747794881855
